test_id,code,sequence,batch_total,batch_number,qr_code_url,client_name,client_group_name,operator_logo
a5s7cmyw,8834,1,265,8273828373,https://app.rover-labs.com/register/a5s7cmyw,NYC DEPT OF ED,P.S. 116 MARY LINDLEY MURRAY,NYC_DOE_logo.jpg
u44x5vcy,1459,2,265,8273828373,https://app.rover-labs.com/register/u44x5vcy,NYC DEPT OF ED,P.S. 116 MARY LINDLEY MURRAY,NYC_DOE_logo.jpg
gyudrdj5,5662,3,265,8273828373,https://app.rover-labs.com/register/gyudrdj5,NYC DEPT OF ED,P.S. 116 MARY LINDLEY MURRAY,NYC_DOE_logo.jpg
p2r7mha9,7615,4,265,8273828373,https://app.rover-labs.com/register/p2r7mha9,NYC DEPT OF ED,P.S. 116 MARY LINDLEY MURRAY,NYC_DOE_logo.jpg
ph8btudr,2236,5,265,8273828373,https://app.rover-labs.com/register/ph8btudr,NYC DEPT OF ED,P.S. 116 MARY LINDLEY MURRAY,NYC_DOE_logo.jpg
uga5bhkt,9192,6,265,8273828373,https://app.rover-labs.com/register/uga5bhkt,NYC DEPT OF ED,P.S. 130 HERNANDO DE SOTO,NYC_DOE_logo.jpg
852gr1ns,3235,7,265,8273828373,https://app.rover-labs.com/register/852gr1ns,NYC DEPT OF ED,P.S. 130 HERNANDO DE SOTO,NYC_DOE_logo.jpg
er3k7mes,5592,8,265,8273828373,https://app.rover-labs.com/register/er3k7mes,NYC DEPT OF ED,P.S. 130 HERNANDO DE SOTO,NYC_DOE_logo.jpg
nmm1j1xf,4283,9,265,8273828373,https://app.rover-labs.com/register/nmm1j1xf,NYC DEPT OF ED,P.S. 130 HERNANDO DE SOTO,NYC_DOE_logo.jpg
8663hgzx,2989,10,265,8273828373,https://app.rover-labs.com/register/8663hgzx,NYC DEPT OF ED,P.S. 130 HERNANDO DE SOTO,NYC_DOE_logo.jpg
h8t7ua9e,2456,11,265,8273828373,https://app.rover-labs.com/register/h8t7ua9e,NYC DEPT OF ED,P.S. 242 - THE YOUNG DIPLOMATS,NYC_DOE_logo.jpg
zhduw572,5236,12,265,8273828373,https://app.rover-labs.com/register/zhduw572,NYC DEPT OF ED,P.S. 242 - THE YOUNG DIPLOMATS,NYC_DOE_logo.jpg
jc1j7bmf,3721,13,265,8273828373,https://app.rover-labs.com/register/jc1j7bmf,NYC DEPT OF ED,P.S. 242 - THE YOUNG DIPLOMATS,NYC_DOE_logo.jpg
hb5x7d7j,7967,14,265,8273828373,https://app.rover-labs.com/register/hb5x7d7j,NYC DEPT OF ED,P.S. 242 - THE YOUNG DIPLOMATS,NYC_DOE_logo.jpg
yuwxckb6,3591,15,265,8273828373,https://app.rover-labs.com/register/yuwxckb6,NYC DEPT OF ED,P.S. 242 - THE YOUNG DIPLOMATS,NYC_DOE_logo.jpg
jw7azj3p,5665,16,265,8273828373,https://app.rover-labs.com/register/jw7azj3p,NYC DEPT OF ED,CENTRAL PARK EAST I,NYC_DOE_logo.jpg
wn58v9fr,7195,17,265,8273828373,https://app.rover-labs.com/register/wn58v9fr,NYC DEPT OF ED,CENTRAL PARK EAST I,NYC_DOE_logo.jpg
ee4cuk3h,8283,18,265,8273828373,https://app.rover-labs.com/register/ee4cuk3h,NYC DEPT OF ED,CENTRAL PARK EAST I,NYC_DOE_logo.jpg
14jhd3hv,1726,19,265,8273828373,https://app.rover-labs.com/register/14jhd3hv,NYC DEPT OF ED,CENTRAL PARK EAST I,NYC_DOE_logo.jpg
ygb5wb41,1529,20,265,8273828373,https://app.rover-labs.com/register/ygb5wb41,NYC DEPT OF ED,CENTRAL PARK EAST I,NYC_DOE_logo.jpg
zs6pnr82,6354,21,265,8273828373,https://app.rover-labs.com/register/zs6pnr82,NYC DEPT OF ED,CENTRAL PARK EAST HIGH SCHOOL,NYC_DOE_logo.jpg
x17fwzfm,4257,22,265,8273828373,https://app.rover-labs.com/register/x17fwzfm,NYC DEPT OF ED,CENTRAL PARK EAST HIGH SCHOOL,NYC_DOE_logo.jpg
29ff2b35,5398,23,265,8273828373,https://app.rover-labs.com/register/29ff2b35,NYC DEPT OF ED,CENTRAL PARK EAST HIGH SCHOOL,NYC_DOE_logo.jpg
32nje17e,6879,24,265,8273828373,https://app.rover-labs.com/register/32nje17e,NYC DEPT OF ED,CENTRAL PARK EAST HIGH SCHOOL,NYC_DOE_logo.jpg
cwd7nw6v,9168,25,265,8273828373,https://app.rover-labs.com/register/cwd7nw6v,NYC DEPT OF ED,CENTRAL PARK EAST HIGH SCHOOL,NYC_DOE_logo.jpg
21ywc4dy,2834,26,265,8273828373,https://app.rover-labs.com/register/21ywc4dy,NYC DEPT OF ED,M.S. 224 MANHATTAN EAST SCHOOL,NYC_DOE_logo.jpg
rgyx21g2,5133,27,265,8273828373,https://app.rover-labs.com/register/rgyx21g2,NYC DEPT OF ED,M.S. 224 MANHATTAN EAST SCHOOL,NYC_DOE_logo.jpg
bmeebnnk,4534,28,265,8273828373,https://app.rover-labs.com/register/bmeebnnk,NYC DEPT OF ED,M.S. 224 MANHATTAN EAST SCHOOL,NYC_DOE_logo.jpg
9p4pu7ye,9317,29,265,8273828373,https://app.rover-labs.com/register/9p4pu7ye,NYC DEPT OF ED,M.S. 224 MANHATTAN EAST SCHOOL,NYC_DOE_logo.jpg
d77gmsu6,9374,30,265,8273828373,https://app.rover-labs.com/register/d77gmsu6,NYC DEPT OF ED,M.S. 224 MANHATTAN EAST SCHOOL,NYC_DOE_logo.jpg
6nrjsdxg,1871,31,265,8273828373,https://app.rover-labs.com/register/6nrjsdxg,NYC DEPT OF ED,NEW DESIGN MIDDLE SCHOOL,NYC_DOE_logo.jpg
92b8yxwc,2724,32,265,8273828373,https://app.rover-labs.com/register/92b8yxwc,NYC DEPT OF ED,NEW DESIGN MIDDLE SCHOOL,NYC_DOE_logo.jpg
s55v8sn8,5139,33,265,8273828373,https://app.rover-labs.com/register/s55v8sn8,NYC DEPT OF ED,NEW DESIGN MIDDLE SCHOOL,NYC_DOE_logo.jpg
9ecvfftd,1362,34,265,8273828373,https://app.rover-labs.com/register/9ecvfftd,NYC DEPT OF ED,NEW DESIGN MIDDLE SCHOOL,NYC_DOE_logo.jpg
cs7ngsaz,4283,35,265,8273828373,https://app.rover-labs.com/register/cs7ngsaz,NYC DEPT OF ED,NEW DESIGN MIDDLE SCHOOL,NYC_DOE_logo.jpg
bh5shbe8,5863,36,265,8273828373,https://app.rover-labs.com/register/bh5shbe8,NYC DEPT OF ED,P.S. 123 MAHALIA JACKSON,NYC_DOE_logo.jpg
ag6p3cn2,1189,37,265,8273828373,https://app.rover-labs.com/register/ag6p3cn2,NYC DEPT OF ED,P.S. 123 MAHALIA JACKSON,NYC_DOE_logo.jpg
nm5uvp47,6166,38,265,8273828373,https://app.rover-labs.com/register/nm5uvp47,NYC DEPT OF ED,P.S. 123 MAHALIA JACKSON,NYC_DOE_logo.jpg
f9tnaba1,4115,39,265,8273828373,https://app.rover-labs.com/register/f9tnaba1,NYC DEPT OF ED,P.S. 123 MAHALIA JACKSON,NYC_DOE_logo.jpg
nhhnj1vb,7566,40,265,8273828373,https://app.rover-labs.com/register/nhhnj1vb,NYC DEPT OF ED,P.S. 123 MAHALIA JACKSON,NYC_DOE_logo.jpg
mskwr1a5,3617,41,265,8273828373,https://app.rover-labs.com/register/mskwr1a5,NYC DEPT OF ED,P.S. 175 HENRY H GARNET,NYC_DOE_logo.jpg
vc35h8ub,4355,42,265,8273828373,https://app.rover-labs.com/register/vc35h8ub,NYC DEPT OF ED,P.S. 175 HENRY H GARNET,NYC_DOE_logo.jpg
3x8gh9sy,9881,43,265,8273828373,https://app.rover-labs.com/register/3x8gh9sy,NYC DEPT OF ED,P.S. 175 HENRY H GARNET,NYC_DOE_logo.jpg
d3efjyuw,4214,44,265,8273828373,https://app.rover-labs.com/register/d3efjyuw,NYC DEPT OF ED,P.S. 175 HENRY H GARNET,NYC_DOE_logo.jpg
xjdedyhh,2164,45,265,8273828373,https://app.rover-labs.com/register/xjdedyhh,NYC DEPT OF ED,P.S. 175 HENRY H GARNET,NYC_DOE_logo.jpg
ssaw4yxu,6538,46,265,8273828373,https://app.rover-labs.com/register/ssaw4yxu,NYC DEPT OF ED,P079M @ HORAN SCHOOL,NYC_DOE_logo.jpg
16k1yftu,8638,47,265,8273828373,https://app.rover-labs.com/register/16k1yftu,NYC DEPT OF ED,P079M @ HORAN SCHOOL,NYC_DOE_logo.jpg
gnh74tub,8245,48,265,8273828373,https://app.rover-labs.com/register/gnh74tub,NYC DEPT OF ED,P079M @ HORAN SCHOOL,NYC_DOE_logo.jpg
x2zrvm5v,9613,49,265,8273828373,https://app.rover-labs.com/register/x2zrvm5v,NYC DEPT OF ED,P079M @ HORAN SCHOOL,NYC_DOE_logo.jpg
c1ty8jvk,9724,50,265,8273828373,https://app.rover-labs.com/register/c1ty8jvk,NYC DEPT OF ED,P079M @ HORAN SCHOOL,NYC_DOE_logo.jpg
z411eetz,4422,51,265,8273828373,https://app.rover-labs.com/register/z411eetz,NYC DEPT OF ED,P.S. 146 EDWARD COLLINS,NYC_DOE_logo.jpg
fa8gknhx,2243,52,265,8273828373,https://app.rover-labs.com/register/fa8gknhx,NYC DEPT OF ED,P.S. 146 EDWARD COLLINS,NYC_DOE_logo.jpg
ph54mk7v,6411,53,265,8273828373,https://app.rover-labs.com/register/ph54mk7v,NYC DEPT OF ED,P.S. 146 EDWARD COLLINS,NYC_DOE_logo.jpg
ze5pd1x8,4378,54,265,8273828373,https://app.rover-labs.com/register/ze5pd1x8,NYC DEPT OF ED,P.S. 146 EDWARD COLLINS,NYC_DOE_logo.jpg
uchdftvv,3985,55,265,8273828373,https://app.rover-labs.com/register/uchdftvv,NYC DEPT OF ED,P.S. 146 EDWARD COLLINS,NYC_DOE_logo.jpg
ca4ghdnu,1953,56,265,8273828373,https://app.rover-labs.com/register/ca4ghdnu,NYC DEPT OF ED,BRONX ACADEMY FOR MULTI-MEDIA,NYC_DOE_logo.jpg
t523xmm5,5594,57,265,8273828373,https://app.rover-labs.com/register/t523xmm5,NYC DEPT OF ED,BRONX ACADEMY FOR MULTI-MEDIA,NYC_DOE_logo.jpg
vx3csjef,5732,58,265,8273828373,https://app.rover-labs.com/register/vx3csjef,NYC DEPT OF ED,BRONX ACADEMY FOR MULTI-MEDIA,NYC_DOE_logo.jpg
2yeu1mf4,3412,59,265,8273828373,https://app.rover-labs.com/register/2yeu1mf4,NYC DEPT OF ED,BRONX ACADEMY FOR MULTI-MEDIA,NYC_DOE_logo.jpg
y3nwmezr,9639,60,265,8273828373,https://app.rover-labs.com/register/y3nwmezr,NYC DEPT OF ED,BRONX ACADEMY FOR MULTI-MEDIA,NYC_DOE_logo.jpg
9ddcf6ug,5645,61,265,8273828373,https://app.rover-labs.com/register/9ddcf6ug,NYC DEPT OF ED,P.S. X088 - S. SILVERSTEIN LIT,NYC_DOE_logo.jpg
7bd7tdc8,2317,62,265,8273828373,https://app.rover-labs.com/register/7bd7tdc8,NYC DEPT OF ED,P.S. X088 - S. SILVERSTEIN LIT,NYC_DOE_logo.jpg
3ft4ubfk,9232,63,265,8273828373,https://app.rover-labs.com/register/3ft4ubfk,NYC DEPT OF ED,P.S. X088 - S. SILVERSTEIN LIT,NYC_DOE_logo.jpg
yhbgfh2n,2845,64,265,8273828373,https://app.rover-labs.com/register/yhbgfh2n,NYC DEPT OF ED,P.S. X088 - S. SILVERSTEIN LIT,NYC_DOE_logo.jpg
jpsaj5pk,8563,65,265,8273828373,https://app.rover-labs.com/register/jpsaj5pk,NYC DEPT OF ED,P.S. X088 - S. SILVERSTEIN LIT,NYC_DOE_logo.jpg
zwjbtwjr,6587,66,265,8273828373,https://app.rover-labs.com/register/zwjbtwjr,NYC DEPT OF ED,P.S. 132 GARRET A. MORGAN,NYC_DOE_logo.jpg
ga1rj45e,9985,67,265,8273828373,https://app.rover-labs.com/register/ga1rj45e,NYC DEPT OF ED,P.S. 132 GARRET A. MORGAN,NYC_DOE_logo.jpg
fr7w8e8y,7421,68,265,8273828373,https://app.rover-labs.com/register/fr7w8e8y,NYC DEPT OF ED,P.S. 132 GARRET A. MORGAN,NYC_DOE_logo.jpg
ekrezcmb,3468,69,265,8273828373,https://app.rover-labs.com/register/ekrezcmb,NYC DEPT OF ED,P.S. 132 GARRET A. MORGAN,NYC_DOE_logo.jpg
uaw988sj,2957,70,265,8273828373,https://app.rover-labs.com/register/uaw988sj,NYC DEPT OF ED,P.S. 132 GARRET A. MORGAN,NYC_DOE_logo.jpg
1b2hdkr9,6855,71,265,8273828373,https://app.rover-labs.com/register/1b2hdkr9,NYC DEPT OF ED,P.S. 159 LUIS MUNOZ MARIN BILI,NYC_DOE_logo.jpg
35ejdt55,5331,72,265,8273828373,https://app.rover-labs.com/register/35ejdt55,NYC DEPT OF ED,P.S. 159 LUIS MUNOZ MARIN BILI,NYC_DOE_logo.jpg
7nf1v2uy,6283,73,265,8273828373,https://app.rover-labs.com/register/7nf1v2uy,NYC DEPT OF ED,P.S. 159 LUIS MUNOZ MARIN BILI,NYC_DOE_logo.jpg
vjfdva4j,4315,74,265,8273828373,https://app.rover-labs.com/register/vjfdva4j,NYC DEPT OF ED,P.S. 159 LUIS MUNOZ MARIN BILI,NYC_DOE_logo.jpg
5m5nd84h,6974,75,265,8273828373,https://app.rover-labs.com/register/5m5nd84h,NYC DEPT OF ED,P.S. 159 LUIS MUNOZ MARIN BILI,NYC_DOE_logo.jpg
w7eebn3p,2862,76,265,8273828373,https://app.rover-labs.com/register/w7eebn3p,NYC DEPT OF ED,I.S. 206 ANN MERSEREAU,NYC_DOE_logo.jpg
d8sf9arc,1155,77,265,8273828373,https://app.rover-labs.com/register/d8sf9arc,NYC DEPT OF ED,I.S. 206 ANN MERSEREAU,NYC_DOE_logo.jpg
16jt7sku,2532,78,265,8273828373,https://app.rover-labs.com/register/16jt7sku,NYC DEPT OF ED,I.S. 206 ANN MERSEREAU,NYC_DOE_logo.jpg
8dmumkdd,4739,79,265,8273828373,https://app.rover-labs.com/register/8dmumkdd,NYC DEPT OF ED,I.S. 206 ANN MERSEREAU,NYC_DOE_logo.jpg
mbxpu1gv,4186,80,265,8273828373,https://app.rover-labs.com/register/mbxpu1gv,NYC DEPT OF ED,I.S. 206 ANN MERSEREAU,NYC_DOE_logo.jpg
7s8fhjk6,3522,81,265,8273828373,https://app.rover-labs.com/register/7s8fhjk6,NYC DEPT OF ED,HIGH SCHOOL OF AMERICAN STUDIE,NYC_DOE_logo.jpg
z69t6x7v,1924,82,265,8273828373,https://app.rover-labs.com/register/z69t6x7v,NYC DEPT OF ED,HIGH SCHOOL OF AMERICAN STUDIE,NYC_DOE_logo.jpg
9v1ck7ne,7749,83,265,8273828373,https://app.rover-labs.com/register/9v1ck7ne,NYC DEPT OF ED,HIGH SCHOOL OF AMERICAN STUDIE,NYC_DOE_logo.jpg
msg9j6tk,7388,84,265,8273828373,https://app.rover-labs.com/register/msg9j6tk,NYC DEPT OF ED,HIGH SCHOOL OF AMERICAN STUDIE,NYC_DOE_logo.jpg
u3et6wgw,1439,85,265,8273828373,https://app.rover-labs.com/register/u3et6wgw,NYC DEPT OF ED,HIGH SCHOOL OF AMERICAN STUDIE,NYC_DOE_logo.jpg
47vwns5p,4656,86,265,8273828373,https://app.rover-labs.com/register/47vwns5p,NYC DEPT OF ED,P012X @ LEWIS & CLARK SCHOOL,NYC_DOE_logo.jpg
cu6277ff,8669,87,265,8273828373,https://app.rover-labs.com/register/cu6277ff,NYC DEPT OF ED,P012X @ LEWIS & CLARK SCHOOL,NYC_DOE_logo.jpg
uz2u1mrv,4299,88,265,8273828373,https://app.rover-labs.com/register/uz2u1mrv,NYC DEPT OF ED,P012X @ LEWIS & CLARK SCHOOL,NYC_DOE_logo.jpg
3rdk8m1f,7495,89,265,8273828373,https://app.rover-labs.com/register/3rdk8m1f,NYC DEPT OF ED,P012X @ LEWIS & CLARK SCHOOL,NYC_DOE_logo.jpg
amvswhpk,5156,90,265,8273828373,https://app.rover-labs.com/register/amvswhpk,NYC DEPT OF ED,P012X @ LEWIS & CLARK SCHOOL,NYC_DOE_logo.jpg
x3pna27a,8586,91,265,8273828373,https://app.rover-labs.com/register/x3pna27a,NYC DEPT OF ED,THE MATILDA AVENUE SCHOOL,NYC_DOE_logo.jpg
adcxn5jr,1611,92,265,8273828373,https://app.rover-labs.com/register/adcxn5jr,NYC DEPT OF ED,THE MATILDA AVENUE SCHOOL,NYC_DOE_logo.jpg
nbrh3kbr,4781,93,265,8273828373,https://app.rover-labs.com/register/nbrh3kbr,NYC DEPT OF ED,THE MATILDA AVENUE SCHOOL,NYC_DOE_logo.jpg
m1ftvyak,6871,94,265,8273828373,https://app.rover-labs.com/register/m1ftvyak,NYC DEPT OF ED,THE MATILDA AVENUE SCHOOL,NYC_DOE_logo.jpg
rfug8kre,4534,95,265,8273828373,https://app.rover-labs.com/register/rfug8kre,NYC DEPT OF ED,THE MATILDA AVENUE SCHOOL,NYC_DOE_logo.jpg
2upump59,8569,96,265,8273828373,https://app.rover-labs.com/register/2upump59,NYC DEPT OF ED,"METROPOLITAN HIGH SCHOOL, THE",NYC_DOE_logo.jpg
ch2muwx9,5124,97,265,8273828373,https://app.rover-labs.com/register/ch2muwx9,NYC DEPT OF ED,"METROPOLITAN HIGH SCHOOL, THE",NYC_DOE_logo.jpg
sbxj2mjf,5288,98,265,8273828373,https://app.rover-labs.com/register/sbxj2mjf,NYC DEPT OF ED,"METROPOLITAN HIGH SCHOOL, THE",NYC_DOE_logo.jpg
vsu68cd7,2256,99,265,8273828373,https://app.rover-labs.com/register/vsu68cd7,NYC DEPT OF ED,"METROPOLITAN HIGH SCHOOL, THE",NYC_DOE_logo.jpg
esxspwbu,9811,100,265,8273828373,https://app.rover-labs.com/register/esxspwbu,NYC DEPT OF ED,"METROPOLITAN HIGH SCHOOL, THE",NYC_DOE_logo.jpg
x1t7yc2t,3352,101,265,8273828373,https://app.rover-labs.com/register/x1t7yc2t,NYC DEPT OF ED,P.S. 270 JOHANN DEKALB,NYC_DOE_logo.jpg
jyr5dk83,5434,102,265,8273828373,https://app.rover-labs.com/register/jyr5dk83,NYC DEPT OF ED,P.S. 270 JOHANN DEKALB,NYC_DOE_logo.jpg
5w7jc2s2,5964,103,265,8273828373,https://app.rover-labs.com/register/5w7jc2s2,NYC DEPT OF ED,P.S. 270 JOHANN DEKALB,NYC_DOE_logo.jpg
2h81gn5p,7483,104,265,8273828373,https://app.rover-labs.com/register/2h81gn5p,NYC DEPT OF ED,P.S. 270 JOHANN DEKALB,NYC_DOE_logo.jpg
8hanr3k6,1939,105,265,8273828373,https://app.rover-labs.com/register/8hanr3k6,NYC DEPT OF ED,P.S. 270 JOHANN DEKALB,NYC_DOE_logo.jpg
9rfve4xj,4993,106,265,8273828373,https://app.rover-labs.com/register/9rfve4xj,NYC DEPT OF ED,P.S. 054 SAMUEL C. BARNES,NYC_DOE_logo.jpg
pzcxk5ev,3262,107,265,8273828373,https://app.rover-labs.com/register/pzcxk5ev,NYC DEPT OF ED,P.S. 054 SAMUEL C. BARNES,NYC_DOE_logo.jpg
n52pbphm,3998,108,265,8273828373,https://app.rover-labs.com/register/n52pbphm,NYC DEPT OF ED,P.S. 054 SAMUEL C. BARNES,NYC_DOE_logo.jpg
bnbnujdv,6545,109,265,8273828373,https://app.rover-labs.com/register/bnbnujdv,NYC DEPT OF ED,P.S. 054 SAMUEL C. BARNES,NYC_DOE_logo.jpg
nna6vtw8,4489,110,265,8273828373,https://app.rover-labs.com/register/nna6vtw8,NYC DEPT OF ED,P.S. 054 SAMUEL C. BARNES,NYC_DOE_logo.jpg
wtpk7tp6,2936,111,265,8273828373,https://app.rover-labs.com/register/wtpk7tp6,NYC DEPT OF ED,P368K @ P120K,NYC_DOE_logo.jpg
jhbe8y8x,8461,112,265,8273828373,https://app.rover-labs.com/register/jhbe8y8x,NYC DEPT OF ED,P368K @ P120K,NYC_DOE_logo.jpg
wfs1d3ks,2944,113,265,8273828373,https://app.rover-labs.com/register/wfs1d3ks,NYC DEPT OF ED,P368K @ P120K,NYC_DOE_logo.jpg
du3rh13z,8684,114,265,8273828373,https://app.rover-labs.com/register/du3rh13z,NYC DEPT OF ED,P368K @ P120K,NYC_DOE_logo.jpg
7bmecbs9,4397,115,265,8273828373,https://app.rover-labs.com/register/7bmecbs9,NYC DEPT OF ED,P368K @ P120K,NYC_DOE_logo.jpg
unr3abx2,2171,116,265,8273828373,https://app.rover-labs.com/register/unr3abx2,NYC DEPT OF ED,P.S. 034 OLIVER H. PERRY,NYC_DOE_logo.jpg
5amjz9rs,4486,117,265,8273828373,https://app.rover-labs.com/register/5amjz9rs,NYC DEPT OF ED,P.S. 034 OLIVER H. PERRY,NYC_DOE_logo.jpg
suwcw1c2,5243,118,265,8273828373,https://app.rover-labs.com/register/suwcw1c2,NYC DEPT OF ED,P.S. 034 OLIVER H. PERRY,NYC_DOE_logo.jpg
n6umjge6,2573,119,265,8273828373,https://app.rover-labs.com/register/n6umjge6,NYC DEPT OF ED,P.S. 034 OLIVER H. PERRY,NYC_DOE_logo.jpg
8aa8w76v,2493,120,265,8273828373,https://app.rover-labs.com/register/8aa8w76v,NYC DEPT OF ED,P.S. 034 OLIVER H. PERRY,NYC_DOE_logo.jpg
huhk1twu,6828,121,265,8273828373,https://app.rover-labs.com/register/huhk1twu,NYC DEPT OF ED,THE SCHOOL OF CREATIVITY AND I,NYC_DOE_logo.jpg
8xkmn5zz,9838,122,265,8273828373,https://app.rover-labs.com/register/8xkmn5zz,NYC DEPT OF ED,THE SCHOOL OF CREATIVITY AND I,NYC_DOE_logo.jpg
46ay75zp,7193,123,265,8273828373,https://app.rover-labs.com/register/46ay75zp,NYC DEPT OF ED,THE SCHOOL OF CREATIVITY AND I,NYC_DOE_logo.jpg
cg18ze4j,3511,124,265,8273828373,https://app.rover-labs.com/register/cg18ze4j,NYC DEPT OF ED,THE SCHOOL OF CREATIVITY AND I,NYC_DOE_logo.jpg
ngx681jd,5426,125,265,8273828373,https://app.rover-labs.com/register/ngx681jd,NYC DEPT OF ED,THE SCHOOL OF CREATIVITY AND I,NYC_DOE_logo.jpg
d6a4d8hn,9864,126,265,8273828373,https://app.rover-labs.com/register/d6a4d8hn,NYC DEPT OF ED,THE MAURICE SENDAK COMMUNITY S,NYC_DOE_logo.jpg
dp77ksg5,2469,127,265,8273828373,https://app.rover-labs.com/register/dp77ksg5,NYC DEPT OF ED,THE MAURICE SENDAK COMMUNITY S,NYC_DOE_logo.jpg
a1gkfzer,5138,128,265,8273828373,https://app.rover-labs.com/register/a1gkfzer,NYC DEPT OF ED,THE MAURICE SENDAK COMMUNITY S,NYC_DOE_logo.jpg
hn654ssb,8341,129,265,8273828373,https://app.rover-labs.com/register/hn654ssb,NYC DEPT OF ED,THE MAURICE SENDAK COMMUNITY S,NYC_DOE_logo.jpg
msz7bshr,8716,130,265,8273828373,https://app.rover-labs.com/register/msz7bshr,NYC DEPT OF ED,THE MAURICE SENDAK COMMUNITY S,NYC_DOE_logo.jpg
ah5g65as,8664,131,265,8273828373,https://app.rover-labs.com/register/ah5g65as,NYC DEPT OF ED,P.S. 025 EUBIE BLAKE SCHOOL,NYC_DOE_logo.jpg
hsg9ef1w,1951,132,265,8273828373,https://app.rover-labs.com/register/hsg9ef1w,NYC DEPT OF ED,P.S. 025 EUBIE BLAKE SCHOOL,NYC_DOE_logo.jpg
pxz3tbza,6791,133,265,8273828373,https://app.rover-labs.com/register/pxz3tbza,NYC DEPT OF ED,P.S. 025 EUBIE BLAKE SCHOOL,NYC_DOE_logo.jpg
nd4xvcvy,1812,134,265,8273828373,https://app.rover-labs.com/register/nd4xvcvy,NYC DEPT OF ED,P.S. 025 EUBIE BLAKE SCHOOL,NYC_DOE_logo.jpg
4ypnxnsk,6517,135,265,8273828373,https://app.rover-labs.com/register/4ypnxnsk,NYC DEPT OF ED,P.S. 025 EUBIE BLAKE SCHOOL,NYC_DOE_logo.jpg
5mepttns,9245,136,265,8273828373,https://app.rover-labs.com/register/5mepttns,NYC DEPT OF ED,K140 @ K005,NYC_DOE_logo.jpg
5zkmwx36,1429,137,265,8273828373,https://app.rover-labs.com/register/5zkmwx36,NYC DEPT OF ED,K140 @ K005,NYC_DOE_logo.jpg
p19mpgj3,8183,138,265,8273828373,https://app.rover-labs.com/register/p19mpgj3,NYC DEPT OF ED,K140 @ K005,NYC_DOE_logo.jpg
bautgzgn,6666,139,265,8273828373,https://app.rover-labs.com/register/bautgzgn,NYC DEPT OF ED,K140 @ K005,NYC_DOE_logo.jpg
afaba1bw,6953,140,265,8273828373,https://app.rover-labs.com/register/afaba1bw,NYC DEPT OF ED,K140 @ K005,NYC_DOE_logo.jpg
tzsavbzg,2599,141,265,8273828373,https://app.rover-labs.com/register/tzsavbzg,NYC DEPT OF ED,P.S. 191 PAUL ROBESON,NYC_DOE_logo.jpg
axg5yybp,5775,142,265,8273828373,https://app.rover-labs.com/register/axg5yybp,NYC DEPT OF ED,P.S. 191 PAUL ROBESON,NYC_DOE_logo.jpg
khpseky4,3537,143,265,8273828373,https://app.rover-labs.com/register/khpseky4,NYC DEPT OF ED,P.S. 191 PAUL ROBESON,NYC_DOE_logo.jpg
x3dpfmp1,9266,144,265,8273828373,https://app.rover-labs.com/register/x3dpfmp1,NYC DEPT OF ED,P.S. 191 PAUL ROBESON,NYC_DOE_logo.jpg
6r6msbb3,5732,145,265,8273828373,https://app.rover-labs.com/register/6r6msbb3,NYC DEPT OF ED,P.S. 191 PAUL ROBESON,NYC_DOE_logo.jpg
tyuysm7d,3196,146,265,8273828373,https://app.rover-labs.com/register/tyuysm7d,NYC DEPT OF ED,P.S. 161 THE CROWN,NYC_DOE_logo.jpg
j1sk7rvn,8995,147,265,8273828373,https://app.rover-labs.com/register/j1sk7rvn,NYC DEPT OF ED,P.S. 161 THE CROWN,NYC_DOE_logo.jpg
4s81e2yn,2987,148,265,8273828373,https://app.rover-labs.com/register/4s81e2yn,NYC DEPT OF ED,P.S. 161 THE CROWN,NYC_DOE_logo.jpg
vz9mu25y,9733,149,265,8273828373,https://app.rover-labs.com/register/vz9mu25y,NYC DEPT OF ED,P.S. 161 THE CROWN,NYC_DOE_logo.jpg
e25cfhbu,6435,150,265,8273828373,https://app.rover-labs.com/register/e25cfhbu,NYC DEPT OF ED,P.S. 161 THE CROWN,NYC_DOE_logo.jpg
9g9xzy5z,2672,151,265,8273828373,https://app.rover-labs.com/register/9g9xzy5z,NYC DEPT OF ED,EAST NEW YORK MIDDLE SCHOOL OF,NYC_DOE_logo.jpg
eg5gh4rc,5117,152,265,8273828373,https://app.rover-labs.com/register/eg5gh4rc,NYC DEPT OF ED,EAST NEW YORK MIDDLE SCHOOL OF,NYC_DOE_logo.jpg
ua2wsutv,8163,153,265,8273828373,https://app.rover-labs.com/register/ua2wsutv,NYC DEPT OF ED,EAST NEW YORK MIDDLE SCHOOL OF,NYC_DOE_logo.jpg
hazdvbn2,9343,154,265,8273828373,https://app.rover-labs.com/register/hazdvbn2,NYC DEPT OF ED,EAST NEW YORK MIDDLE SCHOOL OF,NYC_DOE_logo.jpg
aw4rzjvk,3217,155,265,8273828373,https://app.rover-labs.com/register/aw4rzjvk,NYC DEPT OF ED,EAST NEW YORK MIDDLE SCHOOL OF,NYC_DOE_logo.jpg
b1n2u7au,1771,156,265,8273828373,https://app.rover-labs.com/register/b1n2u7au,NYC DEPT OF ED,EAST-WEST SCHOOL OF INTERNATIO,NYC_DOE_logo.jpg
m49fxzpg,3783,157,265,8273828373,https://app.rover-labs.com/register/m49fxzpg,NYC DEPT OF ED,EAST-WEST SCHOOL OF INTERNATIO,NYC_DOE_logo.jpg
fnfuwya7,7638,158,265,8273828373,https://app.rover-labs.com/register/fnfuwya7,NYC DEPT OF ED,EAST-WEST SCHOOL OF INTERNATIO,NYC_DOE_logo.jpg
nzaxjwr3,3768,159,265,8273828373,https://app.rover-labs.com/register/nzaxjwr3,NYC DEPT OF ED,EAST-WEST SCHOOL OF INTERNATIO,NYC_DOE_logo.jpg
y6y236a5,3366,160,265,8273828373,https://app.rover-labs.com/register/y6y236a5,NYC DEPT OF ED,EAST-WEST SCHOOL OF INTERNATIO,NYC_DOE_logo.jpg
pwfcytnh,1878,161,265,8273828373,https://app.rover-labs.com/register/pwfcytnh,NYC DEPT OF ED,P.S. 098 THE DOUGLASTON SCHOOL,NYC_DOE_logo.jpg
47avsabe,3716,162,265,8273828373,https://app.rover-labs.com/register/47avsabe,NYC DEPT OF ED,P.S. 098 THE DOUGLASTON SCHOOL,NYC_DOE_logo.jpg
y2y4cw7z,1396,163,265,8273828373,https://app.rover-labs.com/register/y2y4cw7z,NYC DEPT OF ED,P.S. 098 THE DOUGLASTON SCHOOL,NYC_DOE_logo.jpg
5wzaf6dk,4476,164,265,8273828373,https://app.rover-labs.com/register/5wzaf6dk,NYC DEPT OF ED,P.S. 098 THE DOUGLASTON SCHOOL,NYC_DOE_logo.jpg
ec6jz72t,2138,165,265,8273828373,https://app.rover-labs.com/register/ec6jz72t,NYC DEPT OF ED,P.S. 098 THE DOUGLASTON SCHOOL,NYC_DOE_logo.jpg
4yhggs61,3681,166,265,8273828373,https://app.rover-labs.com/register/4yhggs61,NYC DEPT OF ED,P.S. 376,NYC_DOE_logo.jpg
kvtd21w8,8421,167,265,8273828373,https://app.rover-labs.com/register/kvtd21w8,NYC DEPT OF ED,P.S. 376,NYC_DOE_logo.jpg
dd25tyg7,4372,168,265,8273828373,https://app.rover-labs.com/register/dd25tyg7,NYC DEPT OF ED,P.S. 376,NYC_DOE_logo.jpg
1htbt44a,2425,169,265,8273828373,https://app.rover-labs.com/register/1htbt44a,NYC DEPT OF ED,P.S. 376,NYC_DOE_logo.jpg
njky7gy5,9682,170,265,8273828373,https://app.rover-labs.com/register/njky7gy5,NYC DEPT OF ED,P.S. 376,NYC_DOE_logo.jpg
s8ekcdp7,2177,171,265,8273828373,https://app.rover-labs.com/register/s8ekcdp7,NYC DEPT OF ED,P.S. 045 CLARENCE WITHERSPOON,NYC_DOE_logo.jpg
gpnnrdpw,3344,172,265,8273828373,https://app.rover-labs.com/register/gpnnrdpw,NYC DEPT OF ED,P.S. 045 CLARENCE WITHERSPOON,NYC_DOE_logo.jpg
9rfrazak,2657,173,265,8273828373,https://app.rover-labs.com/register/9rfrazak,NYC DEPT OF ED,P.S. 045 CLARENCE WITHERSPOON,NYC_DOE_logo.jpg
89wz3pzr,9745,174,265,8273828373,https://app.rover-labs.com/register/89wz3pzr,NYC DEPT OF ED,P.S. 045 CLARENCE WITHERSPOON,NYC_DOE_logo.jpg
yg39j1x4,7522,175,265,8273828373,https://app.rover-labs.com/register/yg39j1x4,NYC DEPT OF ED,P.S. 045 CLARENCE WITHERSPOON,NYC_DOE_logo.jpg
khfgayvz,9827,176,265,8273828373,https://app.rover-labs.com/register/khfgayvz,NYC DEPT OF ED,GOLDIE MAPLE ACADEMY,NYC_DOE_logo.jpg
hsd2mzum,3535,177,265,8273828373,https://app.rover-labs.com/register/hsd2mzum,NYC DEPT OF ED,GOLDIE MAPLE ACADEMY,NYC_DOE_logo.jpg
ge59gdv1,3785,178,265,8273828373,https://app.rover-labs.com/register/ge59gdv1,NYC DEPT OF ED,GOLDIE MAPLE ACADEMY,NYC_DOE_logo.jpg
nj2181j9,9141,179,265,8273828373,https://app.rover-labs.com/register/nj2181j9,NYC DEPT OF ED,GOLDIE MAPLE ACADEMY,NYC_DOE_logo.jpg
juapswsc,3598,180,265,8273828373,https://app.rover-labs.com/register/juapswsc,NYC DEPT OF ED,GOLDIE MAPLE ACADEMY,NYC_DOE_logo.jpg
bppc5nmn,2842,181,265,8273828373,https://app.rover-labs.com/register/bppc5nmn,NYC DEPT OF ED,P.S. 064 JOSEPH P. ADDABBO,NYC_DOE_logo.jpg
vtwp63wa,9137,182,265,8273828373,https://app.rover-labs.com/register/vtwp63wa,NYC DEPT OF ED,P.S. 064 JOSEPH P. ADDABBO,NYC_DOE_logo.jpg
p35ugftc,5218,183,265,8273828373,https://app.rover-labs.com/register/p35ugftc,NYC DEPT OF ED,P.S. 064 JOSEPH P. ADDABBO,NYC_DOE_logo.jpg
ghbzxf9y,6373,184,265,8273828373,https://app.rover-labs.com/register/ghbzxf9y,NYC DEPT OF ED,P.S. 064 JOSEPH P. ADDABBO,NYC_DOE_logo.jpg
74zx754t,2434,185,265,8273828373,https://app.rover-labs.com/register/74zx754t,NYC DEPT OF ED,P.S. 064 JOSEPH P. ADDABBO,NYC_DOE_logo.jpg
veexhby6,5471,186,265,8273828373,https://app.rover-labs.com/register/veexhby6,NYC DEPT OF ED,P233Q @ METROPOLITAN HS,NYC_DOE_logo.jpg
wcu4vnta,1612,187,265,8273828373,https://app.rover-labs.com/register/wcu4vnta,NYC DEPT OF ED,P233Q @ METROPOLITAN HS,NYC_DOE_logo.jpg
t3hab6wa,8972,188,265,8273828373,https://app.rover-labs.com/register/t3hab6wa,NYC DEPT OF ED,P233Q @ METROPOLITAN HS,NYC_DOE_logo.jpg
zxj4j4ku,8178,189,265,8273828373,https://app.rover-labs.com/register/zxj4j4ku,NYC DEPT OF ED,P233Q @ METROPOLITAN HS,NYC_DOE_logo.jpg
psehvxt2,3982,190,265,8273828373,https://app.rover-labs.com/register/psehvxt2,NYC DEPT OF ED,P233Q @ METROPOLITAN HS,NYC_DOE_logo.jpg
ugscahdp,2393,191,265,8273828373,https://app.rover-labs.com/register/ugscahdp,NYC DEPT OF ED,QUEENS METROPOLITAN HIGH SCHOO,NYC_DOE_logo.jpg
2t3fvye1,9788,192,265,8273828373,https://app.rover-labs.com/register/2t3fvye1,NYC DEPT OF ED,QUEENS METROPOLITAN HIGH SCHOO,NYC_DOE_logo.jpg
6baw42tg,9178,193,265,8273828373,https://app.rover-labs.com/register/6baw42tg,NYC DEPT OF ED,QUEENS METROPOLITAN HIGH SCHOO,NYC_DOE_logo.jpg
49cbvz4r,3597,194,265,8273828373,https://app.rover-labs.com/register/49cbvz4r,NYC DEPT OF ED,QUEENS METROPOLITAN HIGH SCHOO,NYC_DOE_logo.jpg
42fvfkjm,1354,195,265,8273828373,https://app.rover-labs.com/register/42fvfkjm,NYC DEPT OF ED,QUEENS METROPOLITAN HIGH SCHOO,NYC_DOE_logo.jpg
e598wkab,1252,196,265,8273828373,https://app.rover-labs.com/register/e598wkab,NYC DEPT OF ED,THE ACADEMY FOR EXCELLENCE THR,NYC_DOE_logo.jpg
h1z2hmru,8567,197,265,8273828373,https://app.rover-labs.com/register/h1z2hmru,NYC DEPT OF ED,THE ACADEMY FOR EXCELLENCE THR,NYC_DOE_logo.jpg
dwycxuu8,3123,198,265,8273828373,https://app.rover-labs.com/register/dwycxuu8,NYC DEPT OF ED,THE ACADEMY FOR EXCELLENCE THR,NYC_DOE_logo.jpg
peantngf,8916,199,265,8273828373,https://app.rover-labs.com/register/peantngf,NYC DEPT OF ED,THE ACADEMY FOR EXCELLENCE THR,NYC_DOE_logo.jpg
hcey3yyr,3718,200,265,8273828373,https://app.rover-labs.com/register/hcey3yyr,NYC DEPT OF ED,THE ACADEMY FOR EXCELLENCE THR,NYC_DOE_logo.jpg
sag37vru,8414,201,265,8273828373,https://app.rover-labs.com/register/sag37vru,NYC DEPT OF ED,P.S. 161 ARTHUR ASHE SCHOOL,NYC_DOE_logo.jpg
2m9gtrrw,6379,202,265,8273828373,https://app.rover-labs.com/register/2m9gtrrw,NYC DEPT OF ED,P.S. 161 ARTHUR ASHE SCHOOL,NYC_DOE_logo.jpg
6wcy1hre,6141,203,265,8273828373,https://app.rover-labs.com/register/6wcy1hre,NYC DEPT OF ED,P.S. 161 ARTHUR ASHE SCHOOL,NYC_DOE_logo.jpg
fmg5j4rp,1523,204,265,8273828373,https://app.rover-labs.com/register/fmg5j4rp,NYC DEPT OF ED,P.S. 161 ARTHUR ASHE SCHOOL,NYC_DOE_logo.jpg
7b91j96m,8817,205,265,8273828373,https://app.rover-labs.com/register/7b91j96m,NYC DEPT OF ED,P.S. 161 ARTHUR ASHE SCHOOL,NYC_DOE_logo.jpg
gy82wpha,6534,206,265,8273828373,https://app.rover-labs.com/register/gy82wpha,NYC DEPT OF ED,P.S. 156 LAURELTON,NYC_DOE_logo.jpg
wz6c8akg,2194,207,265,8273828373,https://app.rover-labs.com/register/wz6c8akg,NYC DEPT OF ED,P.S. 156 LAURELTON,NYC_DOE_logo.jpg
gah3hgwb,4412,208,265,8273828373,https://app.rover-labs.com/register/gah3hgwb,NYC DEPT OF ED,P.S. 156 LAURELTON,NYC_DOE_logo.jpg
kvv452rb,9891,209,265,8273828373,https://app.rover-labs.com/register/kvv452rb,NYC DEPT OF ED,P.S. 156 LAURELTON,NYC_DOE_logo.jpg
mna6915a,4191,210,265,8273828373,https://app.rover-labs.com/register/mna6915a,NYC DEPT OF ED,P.S. 156 LAURELTON,NYC_DOE_logo.jpg
9x2sc313,3865,211,265,8273828373,https://app.rover-labs.com/register/9x2sc313,NYC DEPT OF ED,P.S. 084 STEINWAY,NYC_DOE_logo.jpg
91ckbvdz,1458,212,265,8273828373,https://app.rover-labs.com/register/91ckbvdz,NYC DEPT OF ED,P.S. 084 STEINWAY,NYC_DOE_logo.jpg
7jp3fuu2,7715,213,265,8273828373,https://app.rover-labs.com/register/7jp3fuu2,NYC DEPT OF ED,P.S. 084 STEINWAY,NYC_DOE_logo.jpg
u2tu6r9w,9296,214,265,8273828373,https://app.rover-labs.com/register/u2tu6r9w,NYC DEPT OF ED,P.S. 084 STEINWAY,NYC_DOE_logo.jpg
1532eybf,1755,215,265,8273828373,https://app.rover-labs.com/register/1532eybf,NYC DEPT OF ED,P.S. 084 STEINWAY,NYC_DOE_logo.jpg
5aheab8w,7495,216,265,8273828373,https://app.rover-labs.com/register/5aheab8w,NYC DEPT OF ED,FRANK SINATRA SCHOOL OF THE AR,NYC_DOE_logo.jpg
p21jrmn7,3774,217,265,8273828373,https://app.rover-labs.com/register/p21jrmn7,NYC DEPT OF ED,FRANK SINATRA SCHOOL OF THE AR,NYC_DOE_logo.jpg
8eudemwm,6987,218,265,8273828373,https://app.rover-labs.com/register/8eudemwm,NYC DEPT OF ED,FRANK SINATRA SCHOOL OF THE AR,NYC_DOE_logo.jpg
wzz38gfg,1873,219,265,8273828373,https://app.rover-labs.com/register/wzz38gfg,NYC DEPT OF ED,FRANK SINATRA SCHOOL OF THE AR,NYC_DOE_logo.jpg
dsz44b4k,4699,220,265,8273828373,https://app.rover-labs.com/register/dsz44b4k,NYC DEPT OF ED,FRANK SINATRA SCHOOL OF THE AR,NYC_DOE_logo.jpg
yzj5j4c4,9153,221,265,8273828373,https://app.rover-labs.com/register/yzj5j4c4,NYC DEPT OF ED,P721R @ THE HUNGERFORD SCHOOL,NYC_DOE_logo.jpg
p3h6gtaa,6433,222,265,8273828373,https://app.rover-labs.com/register/p3h6gtaa,NYC DEPT OF ED,P721R @ THE HUNGERFORD SCHOOL,NYC_DOE_logo.jpg
h84z5w4t,2436,223,265,8273828373,https://app.rover-labs.com/register/h84z5w4t,NYC DEPT OF ED,P721R @ THE HUNGERFORD SCHOOL,NYC_DOE_logo.jpg
te8gsfkm,4228,224,265,8273828373,https://app.rover-labs.com/register/te8gsfkm,NYC DEPT OF ED,P721R @ THE HUNGERFORD SCHOOL,NYC_DOE_logo.jpg
hhg3ypa6,8654,225,265,8273828373,https://app.rover-labs.com/register/hhg3ypa6,NYC DEPT OF ED,P721R @ THE HUNGERFORD SCHOOL,NYC_DOE_logo.jpg
z3xfcx54,6987,226,265,8273828373,https://app.rover-labs.com/register/z3xfcx54,NYC DEPT OF ED,P.S. 048 WILLIAM G. WILCOX,NYC_DOE_logo.jpg
9tp7j9tn,7535,227,265,8273828373,https://app.rover-labs.com/register/9tp7j9tn,NYC DEPT OF ED,P.S. 048 WILLIAM G. WILCOX,NYC_DOE_logo.jpg
3pg44pxj,9288,228,265,8273828373,https://app.rover-labs.com/register/3pg44pxj,NYC DEPT OF ED,P.S. 048 WILLIAM G. WILCOX,NYC_DOE_logo.jpg
uy8um4wz,9431,229,265,8273828373,https://app.rover-labs.com/register/uy8um4wz,NYC DEPT OF ED,P.S. 048 WILLIAM G. WILCOX,NYC_DOE_logo.jpg
22jdbdcv,5517,230,265,8273828373,https://app.rover-labs.com/register/22jdbdcv,NYC DEPT OF ED,P.S. 048 WILLIAM G. WILCOX,NYC_DOE_logo.jpg
webe8pjh,7724,231,265,8273828373,https://app.rover-labs.com/register/webe8pjh,NYC DEPT OF ED,P373R @ P048R,NYC_DOE_logo.jpg
zzvk2cve,3147,232,265,8273828373,https://app.rover-labs.com/register/zzvk2cve,NYC DEPT OF ED,P373R @ P048R,NYC_DOE_logo.jpg
snxxn3cu,2113,233,265,8273828373,https://app.rover-labs.com/register/snxxn3cu,NYC DEPT OF ED,P373R @ P048R,NYC_DOE_logo.jpg
c3ryabea,6617,234,265,8273828373,https://app.rover-labs.com/register/c3ryabea,NYC DEPT OF ED,P373R @ P048R,NYC_DOE_logo.jpg
uxaptd9k,4799,235,265,8273828373,https://app.rover-labs.com/register/uxaptd9k,NYC DEPT OF ED,P373R @ P048R,NYC_DOE_logo.jpg
17f1b3ms,5531,236,265,8273828373,https://app.rover-labs.com/register/17f1b3ms,NYC DEPT OF ED,P.S. 005 HUGUENOT,NYC_DOE_logo.jpg
byhj74mu,5926,237,265,8273828373,https://app.rover-labs.com/register/byhj74mu,NYC DEPT OF ED,P.S. 005 HUGUENOT,NYC_DOE_logo.jpg
cd6pjsvn,6152,238,265,8273828373,https://app.rover-labs.com/register/cd6pjsvn,NYC DEPT OF ED,P.S. 005 HUGUENOT,NYC_DOE_logo.jpg
v6r7wkyc,4993,239,265,8273828373,https://app.rover-labs.com/register/v6r7wkyc,NYC DEPT OF ED,P.S. 005 HUGUENOT,NYC_DOE_logo.jpg
9gba8bw3,2422,240,265,8273828373,https://app.rover-labs.com/register/9gba8bw3,NYC DEPT OF ED,P.S. 005 HUGUENOT,NYC_DOE_logo.jpg
3sc9umsa,5284,241,265,8273828373,https://app.rover-labs.com/register/3sc9umsa,NYC DEPT OF ED,P.S. 11 THOMAS DONGAN SCHOOL,NYC_DOE_logo.jpg
wrbxrzhz,6448,242,265,8273828373,https://app.rover-labs.com/register/wrbxrzhz,NYC DEPT OF ED,P.S. 11 THOMAS DONGAN SCHOOL,NYC_DOE_logo.jpg
6t3ajgr1,3563,243,265,8273828373,https://app.rover-labs.com/register/6t3ajgr1,NYC DEPT OF ED,P.S. 11 THOMAS DONGAN SCHOOL,NYC_DOE_logo.jpg
cn8r8793,5473,244,265,8273828373,https://app.rover-labs.com/register/cn8r8793,NYC DEPT OF ED,P.S. 11 THOMAS DONGAN SCHOOL,NYC_DOE_logo.jpg
nrdk71pt,6284,245,265,8273828373,https://app.rover-labs.com/register/nrdk71pt,NYC DEPT OF ED,P.S. 11 THOMAS DONGAN SCHOOL,NYC_DOE_logo.jpg
gcw12385,7627,246,265,8273828373,https://app.rover-labs.com/register/gcw12385,NYC DEPT OF ED,P.S. 21 MARGARET EMERY-ELM PAR,NYC_DOE_logo.jpg
czr3gh6z,4163,247,265,8273828373,https://app.rover-labs.com/register/czr3gh6z,NYC DEPT OF ED,P.S. 21 MARGARET EMERY-ELM PAR,NYC_DOE_logo.jpg
ywjw9pux,6954,248,265,8273828373,https://app.rover-labs.com/register/ywjw9pux,NYC DEPT OF ED,P.S. 21 MARGARET EMERY-ELM PAR,NYC_DOE_logo.jpg
1ubzxk5u,2542,249,265,8273828373,https://app.rover-labs.com/register/1ubzxk5u,NYC DEPT OF ED,P.S. 21 MARGARET EMERY-ELM PAR,NYC_DOE_logo.jpg
e2d119kj,8145,250,265,8273828373,https://app.rover-labs.com/register/e2d119kj,NYC DEPT OF ED,P.S. 21 MARGARET EMERY-ELM PAR,NYC_DOE_logo.jpg
zg2896kg,3412,251,265,8273828373,https://app.rover-labs.com/register/zg2896kg,NYC DEPT OF ED,P.S. 39 FRANCIS J. MURPHY JR.,NYC_DOE_logo.jpg
nxamjvuc,3545,252,265,8273828373,https://app.rover-labs.com/register/nxamjvuc,NYC DEPT OF ED,P.S. 39 FRANCIS J. MURPHY JR.,NYC_DOE_logo.jpg
8htjc86r,4481,253,265,8273828373,https://app.rover-labs.com/register/8htjc86r,NYC DEPT OF ED,P.S. 39 FRANCIS J. MURPHY JR.,NYC_DOE_logo.jpg
cbbde66w,3636,254,265,8273828373,https://app.rover-labs.com/register/cbbde66w,NYC DEPT OF ED,P.S. 39 FRANCIS J. MURPHY JR.,NYC_DOE_logo.jpg
h3w6pgb1,1248,255,265,8273828373,https://app.rover-labs.com/register/h3w6pgb1,NYC DEPT OF ED,P.S. 39 FRANCIS J. MURPHY JR.,NYC_DOE_logo.jpg
mfxmv4hr,5575,256,265,8273828373,https://app.rover-labs.com/register/mfxmv4hr,NYC DEPT OF ED,CSI HIGH SCHOOL FOR INTERNATIO,NYC_DOE_logo.jpg
m1abpvrs,3385,257,265,8273828373,https://app.rover-labs.com/register/m1abpvrs,NYC DEPT OF ED,CSI HIGH SCHOOL FOR INTERNATIO,NYC_DOE_logo.jpg
6z6a8v13,1825,258,265,8273828373,https://app.rover-labs.com/register/6z6a8v13,NYC DEPT OF ED,CSI HIGH SCHOOL FOR INTERNATIO,NYC_DOE_logo.jpg
g9gkrj1k,3399,259,265,8273828373,https://app.rover-labs.com/register/g9gkrj1k,NYC DEPT OF ED,CSI HIGH SCHOOL FOR INTERNATIO,NYC_DOE_logo.jpg
54trd22h,5356,260,265,8273828373,https://app.rover-labs.com/register/54trd22h,NYC DEPT OF ED,CSI HIGH SCHOOL FOR INTERNATIO,NYC_DOE_logo.jpg
4wu3ykdd,9549,261,265,8273828373,https://app.rover-labs.com/register/4wu3ykdd,NYC DEPT OF ED,P.S. 377 ALEJANDRINA B. DE GAU,NYC_DOE_logo.jpg
j5mu6aea,2794,262,265,8273828373,https://app.rover-labs.com/register/j5mu6aea,NYC DEPT OF ED,P.S. 377 ALEJANDRINA B. DE GAU,NYC_DOE_logo.jpg
bm6gx5fm,2385,263,265,8273828373,https://app.rover-labs.com/register/bm6gx5fm,NYC DEPT OF ED,P.S. 377 ALEJANDRINA B. DE GAU,NYC_DOE_logo.jpg
pkx7nn57,1174,264,265,8273828373,https://app.rover-labs.com/register/pkx7nn57,NYC DEPT OF ED,P.S. 377 ALEJANDRINA B. DE GAU,NYC_DOE_logo.jpg
bzsxnuyj,1456,265,265,8273828373,https://app.rover-labs.com/register/bzsxnuyj,NYC DEPT OF ED,P.S. 377 ALEJANDRINA B. DE GAU,NYC_DOE_logo.jpg
